<?xml version="1.0" encoding="UTF-8"?>
<!--
 Copyright 2020 Google LLC

 Licensed under the Apache License, Version 2.0 (the "License");
 you may not use this file except in compliance with the License.
 You may obtain a copy of the License at

      http://www.apache.org/licenses/LICENSE-2.0

 Unless required by applicable law or agreed to in writing, software
 distributed under the License is distributed on an "AS IS" BASIS,
 WITHOUT WARRANTIES OR CONDITIONS OF ANY KIND, either express or implied.
 See the License for the specific language governing permissions and
 limitations under the License.
-->

<Configuration status="WARN">
    <Appenders>
        <Console name="console" target="SYSTEM_OUT">
            <PatternLayout
              pattern='{"timestamp": "%d{yyyy-MM-dd HH:mm:ss}", "message": "%M | %msg", "severity": "%level"}%n' />
        </Console>
    </Appenders>
    <Loggers>
        <Logger name="org.hibernate" level="WARN" additivity="false">
            <AppenderRef ref="console" />
        </Logger>
        <Root level="${env:LOG_LEVEL:-INFO}" additivity="false">
            <AppenderRef ref="console" />
        </Root>
    </Loggers>
</Configuration>
