{
  "displayName": "Bank of Anthos Dashboard",
  "gridLayout": {
    "columns": "2",
    "widgets": [
      {
        "title": "Kubernetes Container - CPU usage time",
        "xyChart": {
          "dataSets": [
            {
              "timeSeriesQuery": {
                "timeSeriesFilter": {
                  "filter": "metric.type=\"kubernetes.io/container/cpu/core_usage_time\" resource.type=\"k8s_container\" resource.label.\"namespace_name\"=\"default\"",
                  "aggregation": {
                    "perSeriesAligner": "ALIGN_RATE",
                    "crossSeriesReducer": "REDUCE_MEAN",
                    "groupByFields": [
                      "resource.label.\"container_name\""
                    ]
                  },
                  "secondaryAggregation": {}
                },
                "unitOverride": "s"
              },
              "plotType": "LINE",
              "minAlignmentPeriod": "60s"
            }
          ],
          "timeshiftDuration": "0s",
          "yAxis": {
            "label": "y1Axis",
            "scale": "LINEAR"
          },
          "chartOptions": {
            "mode": "COLOR"
          }
        }
      },
      {
        "title": "Memory usage",
        "xyChart": {
          "dataSets": [
            {
              "timeSeriesQuery": {
                "timeSeriesFilter": {
                  "filter": "metric.type=\"custom.googleapis.com/jvm/memory/used\" resource.type=\"k8s_container\"",
                  "aggregation": {
                    "perSeriesAligner": "ALIGN_MEAN",
                    "crossSeriesReducer": "REDUCE_MEAN",
                    "groupByFields": [
                      "resource.label.\"container_name\""
                    ]
                  },
                  "secondaryAggregation": {}
                },
                "unitOverride": "1"
              },
              "plotType": "LINE",
              "minAlignmentPeriod": "60s"
            }
          ],
          "timeshiftDuration": "0s",
          "yAxis": {
            "label": "y1Axis",
            "scale": "LINEAR"
          },
          "chartOptions": {
            "mode": "COLOR"
          }
        }
      },
      {
        "title": "Cache hits",
        "xyChart": {
          "dataSets": [
            {
              "timeSeriesQuery": {
                "timeSeriesFilter": {
                  "filter": "metric.type=\"custom.googleapis.com/cache/gets\" resource.type=\"k8s_container\"",
                  "aggregation": {
                    "perSeriesAligner": "ALIGN_MEAN",
                    "crossSeriesReducer": "REDUCE_MEAN",
                    "groupByFields": [
                      "resource.label.\"container_name\""
                    ]
                  },
                  "secondaryAggregation": {}
                },
                "unitOverride": "1"
              },
              "plotType": "LINE",
              "minAlignmentPeriod": "60s"
            }
          ],
          "timeshiftDuration": "0s",
          "yAxis": {
            "label": "y1Axis",
            "scale": "LINEAR"
          },
          "chartOptions": {
            "mode": "COLOR"
          }
        }
      },
      {
        "title": "Cache misses",
        "xyChart": {
          "dataSets": [
            {
              "timeSeriesQuery": {
                "timeSeriesFilter": {
                  "filter": "metric.type=\"custom.googleapis.com/cache/load\" resource.type=\"k8s_container\"",
                  "aggregation": {
                    "perSeriesAligner": "ALIGN_MEAN",
                    "crossSeriesReducer": "REDUCE_MEAN",
                    "groupByFields": [
                      "resource.label.\"container_name\""
                    ]
                  },
                  "secondaryAggregation": {}
                },
                "unitOverride": "1"
              },
              "plotType": "LINE",
              "minAlignmentPeriod": "60s"
            }
          ],
          "timeshiftDuration": "0s",
          "yAxis": {
            "label": "y1Axis",
            "scale": "LINEAR"
          },
          "chartOptions": {
            "mode": "COLOR"
          }
        }
      },
      {
        "title": "Available CPU Count",
        "xyChart": {
          "dataSets": [
            {
              "timeSeriesQuery": {
                "timeSeriesFilter": {
                  "filter": "metric.type=\"custom.googleapis.com/system/cpu/count\" resource.type=\"k8s_container\"",
                  "aggregation": {
                    "perSeriesAligner": "ALIGN_MEAN",
                    "crossSeriesReducer": "REDUCE_MEAN",
                    "groupByFields": [
                      "resource.label.\"container_name\""
                    ]
                  },
                  "secondaryAggregation": {}
                },
                "unitOverride": "1"
              },
              "plotType": "LINE",
              "minAlignmentPeriod": "60s"
            }
          ],
          "timeshiftDuration": "0s",
          "yAxis": {
            "label": "y1Axis",
            "scale": "LINEAR"
          },
          "chartOptions": {
            "mode": "COLOR"
          }
        }
      },
      {
        "title": "Log entry count per container",
        "xyChart": {
          "dataSets": [
            {
              "timeSeriesQuery": {
                "timeSeriesFilter": {
                  "filter": "metric.type=\"logging.googleapis.com/log_entry_count\" resource.type=\"k8s_container\" resource.label.\"namespace_name\"=\"default\"",
                  "aggregation": {
                    "perSeriesAligner": "ALIGN_RATE",
                    "crossSeriesReducer": "REDUCE_SUM",
                    "groupByFields": [
                      "metric.label.\"severity\"",
                      "resource.label.\"container_name\""
                    ]
                  },
                  "secondaryAggregation": {},
                  "pickTimeSeriesFilter": {
                    "rankingMethod": "METHOD_MEAN",
                    "numTimeSeries": 3,
                    "direction": "TOP"
                  }
                },
                "unitOverride": "1"
              },
              "plotType": "LINE",
              "minAlignmentPeriod": "60s"
            }
          ],
          "timeshiftDuration": "0s",
          "yAxis": {
            "label": "y1Axis",
            "scale": "LINEAR"
          },
          "chartOptions": {
            "mode": "COLOR"
          }
        }
      },
      {
        "title": "Total latency per response code [Frontend load balancer]",
        "xyChart": {
          "chartOptions": {
            "mode": "COLOR"
          },
          "dataSets": [
            {
              "minAlignmentPeriod": "60s",
              "plotType": "LINE",
              "targetAxis": "Y1",
              "timeSeriesQuery": {
                "apiSource": "DEFAULT_CLOUD",
                "timeSeriesFilter": {
                  "aggregation": {
                    "alignmentPeriod": "60s",
                    "crossSeriesReducer": "REDUCE_NONE",
                    "perSeriesAligner": "ALIGN_PERCENTILE_99"
                  },
                  "filter": "metric.type=\"loadbalancing.googleapis.com/https/total_latencies\" resource.type=\"https_lb_rule\" resource.label.\"backend_name\"=monitoring.regex.full_match(\"^.*default-frontend.*$\")",
                  "pickTimeSeriesFilter": {
                    "direction": "TOP",
                    "numTimeSeries": 3,
                    "rankingMethod": "METHOD_MEAN"
                  },
                  "secondaryAggregation": {
                    "alignmentPeriod": "60s",
                    "crossSeriesReducer": "REDUCE_STDDEV",
                    "groupByFields": [
                      "metric.label.\"response_code_class\""
                    ],
                    "perSeriesAligner": "ALIGN_MEAN"
                  }
                }
              }
            }
          ],
          "timeshiftDuration": "0s",
          "yAxis": {
            "label": "y1Axis",
            "scale": "LINEAR"
          }
        }
      },
      {
        "title": "Request size per response code [Frontend load balancer]",
        "xyChart": {
          "chartOptions": {
            "mode": "COLOR"
          },
          "dataSets": [
            {
              "minAlignmentPeriod": "60s",
              "plotType": "LINE",
              "targetAxis": "Y1",
              "timeSeriesQuery": {
                "apiSource": "DEFAULT_CLOUD",
                "timeSeriesFilter": {
                  "aggregation": {
                    "alignmentPeriod": "60s",
                    "crossSeriesReducer": "REDUCE_NONE",
                    "perSeriesAligner": "ALIGN_RATE"
                  },
                  "filter": "metric.type=\"loadbalancing.googleapis.com/https/request_bytes_count\" resource.type=\"https_lb_rule\" resource.label.\"backend_name\"=monitoring.regex.full_match(\"^.*default-frontend.*$\")",
                  "secondaryAggregation": {
                    "alignmentPeriod": "60s",
                    "crossSeriesReducer": "REDUCE_SUM",
                    "groupByFields": [
                      "metric.label.\"response_code_class\""
                    ],
                    "perSeriesAligner": "ALIGN_INTERPOLATE"
                  }
                }
              }
            }
          ],
          "timeshiftDuration": "0s",
          "yAxis": {
            "label": "y1Axis",
            "scale": "LINEAR"
          }
        }
      },
      {
        "title": "Request count per response code [Frontend load balancer]",
        "xyChart": {
          "chartOptions": {
            "mode": "COLOR"
          },
          "dataSets": [
            {
              "minAlignmentPeriod": "60s",
              "plotType": "LINE",
              "targetAxis": "Y1",
              "timeSeriesQuery": {
                "apiSource": "DEFAULT_CLOUD",
                "timeSeriesFilter": {
                  "aggregation": {
                    "alignmentPeriod": "60s",
                    "crossSeriesReducer": "REDUCE_NONE",
                    "perSeriesAligner": "ALIGN_RATE"
                  },
                  "filter": "metric.type=\"loadbalancing.googleapis.com/https/request_count\" resource.type=\"https_lb_rule\" resource.label.\"backend_name\"=monitoring.regex.full_match(\"^.*default-frontend.*$\")",
                  "secondaryAggregation": {
                    "alignmentPeriod": "60s",
                    "crossSeriesReducer": "REDUCE_SUM",
                    "groupByFields": [
                      "metric.label.\"response_code_class\""
                    ],
                    "perSeriesAligner": "ALIGN_MEAN"
                  }
                }
              }
            }
          ],
          "timeshiftDuration": "0s",
          "yAxis": {
            "label": "y1Axis",
            "scale": "LINEAR"
          }
        }
      },
      {
        "title": "Request source to response latency",
        "xyChart": {
          "dataSets": [
            {
              "timeSeriesQuery": {
                "timeSeriesFilter": {
                  "filter": "metric.type=\"istio.io/service/server/response_latencies\" resource.type=\"k8s_container\"",
                  "aggregation": {
                    "perSeriesAligner": "ALIGN_SUM",
                    "crossSeriesReducer": "REDUCE_PERCENTILE_99",
                    "groupByFields": [
                      "metric.label.\"source_workload_name\""
                    ]
                  },
                  "secondaryAggregation": {},
                  "pickTimeSeriesFilter": {
                    "rankingMethod": "METHOD_MEAN",
                    "numTimeSeries": 3,
                    "direction": "TOP"
                  }
                },
                "unitOverride": "ms"
              },
              "plotType": "LINE",
              "minAlignmentPeriod": "60s"
            }
          ],
          "timeshiftDuration": "0s",
          "yAxis": {
            "label": "y1Axis",
            "scale": "LINEAR"
          },
          "chartOptions": {
            "mode": "COLOR"
          }
        }
      },
      {
        "title": "Request size",
        "xyChart": {
          "dataSets": [
            {
              "timeSeriesQuery": {
                "timeSeriesFilter": {
                  "filter": "metric.type=\"istio.io/service/server/request_bytes\" resource.type=\"k8s_container\"",
                  "aggregation": {
                    "perSeriesAligner": "ALIGN_SUM",
                    "crossSeriesReducer": "REDUCE_PERCENTILE_99",
                    "groupByFields": [
                      "metric.label.\"source_workload_name\""
                    ]
                  },
                  "secondaryAggregation": {}
                },
                "unitOverride": "By"
              },
              "plotType": "LINE",
              "minAlignmentPeriod": "60s"
            }
          ],
          "timeshiftDuration": "0s",
          "yAxis": {
            "label": "y1Axis",
            "scale": "LINEAR"
          },
          "chartOptions": {
            "mode": "COLOR"
          }
        }
      },
      {
        "title": "Entity Creation count",
        "xyChart": {
          "dataSets": [
            {
              "timeSeriesQuery": {
                "timeSeriesFilter": {
                  "filter": "metric.type=\"custom.googleapis.com/hibernate/entities/inserts\" resource.type=\"k8s_container\"",
                  "aggregation": {
                    "perSeriesAligner": "ALIGN_MEAN",
                    "crossSeriesReducer": "REDUCE_MEAN",
                    "groupByFields": [
                      "resource.label.\"container_name\""
                    ]
                  },
                  "secondaryAggregation": {}
                },
                "unitOverride": "1"
              },
              "plotType": "LINE",
              "minAlignmentPeriod": "60s"
            }
          ],
          "timeshiftDuration": "0s",
          "yAxis": {
            "label": "y1Axis",
            "scale": "LINEAR"
          },
          "chartOptions": {
            "mode": "COLOR"
          }
        }
      },
      {
        "title": "Slowest query time",
        "xyChart": {
          "dataSets": [
            {
              "timeSeriesQuery": {
                "timeSeriesFilter": {
                  "filter": "metric.type=\"custom.googleapis.com/hibernate/query/executions/max\" resource.type=\"k8s_container\"",
                  "aggregation": {
                    "perSeriesAligner": "ALIGN_MEAN",
                    "crossSeriesReducer": "REDUCE_MEAN",
                    "groupByFields": [
                      "resource.label.\"container_name\""
                    ]
                  },
                  "secondaryAggregation": {}
                },
                "unitOverride": "1"
              },
              "plotType": "LINE",
              "minAlignmentPeriod": "60s"
            }
          ],
          "timeshiftDuration": "0s",
          "yAxis": {
            "label": "y1Axis",
            "scale": "LINEAR"
          },
          "chartOptions": {
            "mode": "COLOR"
          }
        }
      },
      {
        "title": "Database query count",
        "xyChart": {
          "dataSets": [
            {
              "timeSeriesQuery": {
                "timeSeriesFilter": {
                  "filter": "metric.type=\"custom.googleapis.com/hibernate/query/executions\" resource.type=\"k8s_container\"",
                  "aggregation": {
                    "perSeriesAligner": "ALIGN_MEAN",
                    "crossSeriesReducer": "REDUCE_MEAN",
                    "groupByFields": [
                      "resource.label.\"container_name\""
                    ]
                  },
                  "secondaryAggregation": {}
                },
                "unitOverride": "1"
              },
              "plotType": "LINE",
              "minAlignmentPeriod": "60s"
            }
          ],
          "timeshiftDuration": "0s",
          "yAxis": {
            "label": "y1Axis",
            "scale": "LINEAR"
          },
          "chartOptions": {
            "mode": "COLOR"
          }
        }
      },
      {
        "title": "Uptime",
        "xyChart": {
          "dataSets": [
            {
              "timeSeriesQuery": {
                "timeSeriesFilter": {
                  "filter": "metric.type=\"custom.googleapis.com/process/uptime\" resource.type=\"k8s_container\"",
                  "aggregation": {
                    "perSeriesAligner": "ALIGN_MEAN",
                    "crossSeriesReducer": "REDUCE_STDDEV",
                    "groupByFields": [
                      "resource.label.\"container_name\""
                    ]
                  },
                  "secondaryAggregation": {}
                },
                "unitOverride": "1"
              },
              "plotType": "LINE",
              "minAlignmentPeriod": "60s"
            }
          ],
          "timeshiftDuration": "0s",
          "yAxis": {
            "label": "y1Axis",
            "scale": "LINEAR"
          },
          "chartOptions": {
            "mode": "COLOR"
          }
        }
      }
    ]
  }
}